./03 11 18 MONQUE E RAFAEL
./10 11 2017 TAIRIS E JEFFERSON/JPEG
./10 11 2017 TAIRIS E JEFFERSON/VIDEO
./AMANDA E ANDRE 0911 2411
./AMANDA E ANDRE 0911 2411/FOTO AMANDA E ANDRE 0711 2411
./AMANDA E ANDRE 0911 2411/VIDEO
./CASAMENTOS REGIS/10 11 2018 DAIANE E LUAN
./CASAMENTOS REGIS/17 11 2018 SABRINA E HALAX/FOTO
./CASAMENTOS REGIS/17 11 2018 SABRINA E HALAX/VIDEO
./CASAMENTOS REGIS/18 11 2018 FRANCIELE E JOÃO
./CASAMENTOS REGIS/20 11 2018 GIOVANA E ARTHUR
./Casamentos Caio/ANA E ADAUTO/CAM 01
./Casamentos Caio/LARISSA E LEONARDO 21-09-18/CAM 02
./Casamentos Caio/Making of/13-10-18 - FILMAGEM/CAM 1
./Casamentos Caio/Making of/casamento making of
./Casamentos Caio/VITOR E TAINA 23 - 09 - 18/CAM 01/100EOS5D
./Casamentos Caio/VITOR E TAINA 23 - 09 - 18/CAM 01/101EOS5D
./Copied_Abertura campanha 2018 
./Copied_Abertura campanha 2018 /Adobe Premiere Pro Auto-Save
./Copied_Abertura campanha 2018 /Media Cache
./Cíntia e Valdinei
./Daniela e Thiago/Cartão 2/DCIM/100CANON
./Daniela e Thiago/Cartão 2/DCIM/EOSMISC
./Daniela e Thiago/cartão 1/DCIM/100CANON
./Daniela e Thiago/cartão 1/DCIM/EOSMISC
./Ensaio Paulista - Igor
./Evelin e Anderson
./FRANCIENE E EVERTON 0711
./FRANCIENE E EVERTON 0711/DRONE
./FRANCIENE E EVERTON 0711/FOTO FRANCIENE E EVERTON
./FRANCIENE E EVERTON 0711/Franciene e João/FOTOS parte 2
./FRANCIENE E EVERTON 0711/Franciene e João/Vídeos parte 2
./FRANCIENE E EVERTON 0711/VIDEO
./JANAINA E RENATO 0711
./JANAINA E RENATO 0711/FOTO JANAINA E RENATO 0711
./JANAINA E RENATO 0711/VIDEO
./Jefferson/CASAMENTO FLAVIA E DANILO 09_09_2018/CAM02
./Jonathas e Larissa/165D7200
./Jonathas e Larissa/166D7200
./Jonathas e Larissa/20 10 2018 LARISSA E JONATHAS
./Jonathas e Larissa/Rebaixadas/20 10 2018 LARISSA E JONATHAS
./Leandro e Paula
./MELK E JULIA2
./Mayara e Alexandre/CAM2/PART1
./Mayara e Alexandre/CAM2/PART2
./Mayara e Alexandre/CAM2/PART3
./PASSAR PARA O HD VISUAL/AMANDA E UHILLEN/Cam2/JPEG/CAM 2 PARTE 1
./PASSAR PARA O HD VISUAL/AMANDA E UHILLEN/Cam2/JPEG/CAM 2 PARTE 2
./PASSAR PARA O HD VISUAL/AMANDA E UHILLEN/Cam2/part1
./PASSAR PARA O HD VISUAL/AMANDA E UHILLEN/Cam2/part2
./PASSAR PARA O HD VISUAL/CAMILA E CLAUDIO  - ray
./PASSAR PARA O HD VISUAL/CAMILA E CLAUDIO  - ray/JPEG
./PASSAR PARA O HD VISUAL/DANIELE E RODRIGO - 09-12/ANDERSON/PARTE 2
./PASSAR PARA O HD VISUAL/DANIELE E RODRIGO - 09-12/ANDERSON/parte 1
./PASSAR PARA O HD VISUAL/ESCOLHAS DE ALBUNS
./PASSAR PARA O HD VISUAL/ESCOLHAS DE ALBUNS/MARA E MARCELO - ESCOLHIDAS
./PASSAR PARA O HD VISUAL/ESCOLHAS DE ALBUNS/MARA E MARCELO - ESCOLHIDAS/100 FOTOS/Fotos finais
./PASSAR PARA O HD VISUAL/ESCOLHAS DE ALBUNS/MARY E MURILO - casamento 12-11-2016
./PASSAR PARA O HD VISUAL/MONISE E ELI - RAY/parte 1
./PASSAR PARA O HD VISUAL/MONISE E ELI - RAY/parte 2
./PASSAR PARA O HD VISUAL/Natalia e Arthur - caio/cam 02
./PASSAR PARA O HD VISUAL/NÃO IDENTIFICADOS
./PASSAR PARA O HD VISUAL/PRISCILLA E ALEXANDRE - RAY
./PASSAR PARA O HD VISUAL/TWYLA E LUCAS/cam 02
./PASSAR PARA O HD VISUAL/tairis e jefferson/102CANON
./RENATA E CARLOS/CAM CAMILA
./RENATA E CARLOS/CAM JULIA
./RENATA E CARLOS/Drone
./Taciane e Adriano - 07-04-2018
./Vanessa e Andre 14.10.17/Audio
./Vanessa e Andre 14.10.17/Audio2
./Vanessa e Andre 14.10.17/Caue
./Vanessa e Andre 14.10.17/Neno
./Vanessa e Andre 14.10.17/Wellington
./descarregados/ANE E SAMUEL 2210 2411
./descarregados/CAMILA E DANILO 1710/AUDIO
./descarregados/CAMILA E DANILO 1710/FOTO
./descarregados/CAMILA E DANILO 1710/VIDEO
./descarregados/ERICA E THIAGO 0111
./descarregados/ERICA E THIAGO 0111/AUDIO
./descarregados/ERICA E THIAGO 0111/DRONE
./descarregados/ERICA E THIAGO 0111/FOTO
./descarregados/ERICA E THIAGO 0111/VIDEO
./descarregados/FERNANDA E MARCEL 3010 1011
./descarregados/FERNANDA E MARCEL 3010 1011/AUDIO
./descarregados/FERNANDA E MARCEL 3010 1011/FOTO FERNANDA E MARCEL 3010 1011
./descarregados/FERNANDA E MARCEL 3010 1011/VIDEO
./descarregados/MARI E LENDRO 0111 1511
./descarregados/MARI E LENDRO 0111 1511/AUDIO
./descarregados/MARI E LENDRO 0111 1511/DRONE
./descarregados/MARI E LENDRO 0111 1511/FOTO
./descarregados/MARI E LENDRO 0111 1511/VIDEO
./descarregados/MONIQUE E RAFAEL 1810 0311/AUDIO
./descarregados/MONIQUE E RAFAEL 1810 0311/FOTO
./descarregados/MONIQUE E RAFAEL 1810 0311/VIDEO
./descarregados/SABRINA E FELIX - VIDEO
./descarregados/SABRINA E FELIX 2310 1511
./descarregados/_Enviados/11 10 2018
./descarregados/_Enviados/11 10 2018/NICOLY
./descarregados/_Enviados/11 10 2018/RONY E ROSY
./descarregados/_Enviados/12 10 2018 NATALIA E BRUNO
./descarregados/_Enviados/27 10 2018 LAINARA E MATHEUS
./descarregados/_Enviados/27 10 2018 LAINARA E MATHEUS/DRONE
./descarregados/_Enviados/ANA E PAULO 1510 0112/AUDIO
./descarregados/_Enviados/ANA E PAULO 1510 0112/FOTO
./descarregados/_Enviados/ANA E PAULO 1510 0112/VIDEO
./descarregados/_Enviados/BRUNA E ANDRE 2910 0911
./descarregados/_Enviados/BRUNA E ANDRE 2910 0911/AUDIO
./descarregados/_Enviados/BRUNA E ANDRE 2910 0911/FOTOS BRUNA E ANDRE 2910 0911
./descarregados/_Enviados/BRUNA E ANDRE 2910 0911/VIDEO
./descarregados/_Enviados/ELIDA E GETULIO 1610 1711/AUDIO
./descarregados/_Enviados/ELIDA E GETULIO 1610 1711/FOTO
./descarregados/_Enviados/ELIDA E GETULIO 1610 1711/VIDEO
./descarregados/_Enviados/GABRIELA E JULIANO 2910 1011
./descarregados/_Enviados/GABRIELA E JULIANO 2910 1011/AUDIO
./descarregados/_Enviados/GABRIELA E JULIANO 2910 1011/FOTOS GABRIELA E JULIANO 2910 1011
./descarregados/_Enviados/GABRIELA E JULIANO 2910 1011/VIDEO
./descarregados/_Enviados/GABRIELA E JULIANO 2910 1011/VIDEO/1
./descarregados/_Enviados/GABRIELA E JULIANO 2910 1011/VIDEO/2
./descarregados/_Enviados/JOSIANE E WILIAN 1310/AUDIO
./descarregados/_Enviados/JOSIANE E WILIAN 1310/FOTO
./descarregados/_Enviados/JOSIANE E WILIAN 1310/VIDEO
./descarregados/_Enviados/LAINARA E MATHEUS 1810 2710/FOTO
./descarregados/_Enviados/LAINARA E MATHEUS 1810 2710/VIDEO
./descarregados/_Enviados/LETICIA E BRUNO 1610 1011/AUDIO
./descarregados/_Enviados/LETICIA E BRUNO 1610 1011/FOTO
./descarregados/_Enviados/LETICIA E BRUNO 1610 1011/VIDEO
./descarregados/_Enviados/LETÍCIA E RAFAEL 1710 1711/AUDIO
./descarregados/_Enviados/LETÍCIA E RAFAEL 1710 1711/FOTO
./descarregados/_Enviados/LETÍCIA E RAFAEL 1710 1711/VIDEO
./descarregados/_Enviados/PAULA E EDSON 0111
./descarregados/_Enviados/PAULA E EDSON 0111/FOTO
./descarregados/_Enviados/SABRINA E HALAX 2310 1611
./descarregados/_Enviados/THAMIRES E KILLYON 3110 1711
./descarregados/_Enviados/THAMIRES E KILLYON 3110 1711/AUDIO
./descarregados/_Enviados/THAMIRES E KILLYON 3110 1711/DRONE
./descarregados/_Enviados/THAMIRES E KILLYON 3110 1711/FOTO
./descarregados/_Enviados/THAMIRES E KILLYON 3110 1711/VIDEO
./descarregados/_Enviados/VIVIANE E JEAN 3110 1711
./descarregados/_Enviados/VIVIANE E JEAN 3110 1711/FOTO
./àlbuns sem retorno/CAROL E THIAGO
./àlbuns sem retorno/CAROL E THIAGO/1
./àlbuns sem retorno/CAROL E THIAGO/10
./àlbuns sem retorno/CAROL E THIAGO/11
./àlbuns sem retorno/CAROL E THIAGO/12
./àlbuns sem retorno/CAROL E THIAGO/13
./àlbuns sem retorno/CAROL E THIAGO/14
./àlbuns sem retorno/CAROL E THIAGO/15
./àlbuns sem retorno/CAROL E THIAGO/16
./àlbuns sem retorno/CAROL E THIAGO/17
./àlbuns sem retorno/CAROL E THIAGO/18
./àlbuns sem retorno/CAROL E THIAGO/19
./àlbuns sem retorno/CAROL E THIAGO/2
./àlbuns sem retorno/CAROL E THIAGO/20
./àlbuns sem retorno/CAROL E THIAGO/21
./àlbuns sem retorno/CAROL E THIAGO/22
./àlbuns sem retorno/CAROL E THIAGO/23
./àlbuns sem retorno/CAROL E THIAGO/24
./àlbuns sem retorno/CAROL E THIAGO/25
./àlbuns sem retorno/CAROL E THIAGO/26
./àlbuns sem retorno/CAROL E THIAGO/3
./àlbuns sem retorno/CAROL E THIAGO/4
./àlbuns sem retorno/CAROL E THIAGO/5
./àlbuns sem retorno/CAROL E THIAGO/6
./àlbuns sem retorno/CAROL E THIAGO/7
./àlbuns sem retorno/CAROL E THIAGO/8
./àlbuns sem retorno/CAROL E THIAGO/9
./àlbuns sem retorno/CAROL E THIAGO/capa
./àlbuns sem retorno/CAROL E THIAGO/esc
./àlbuns sem retorno/CAROL E THIAGO/jpg
./àlbuns sem retorno/CAROL E THIAGO/psd
./àlbuns sem retorno/Larissa e Leonardo 05-11
./àlbuns sem retorno/Larissa e Leonardo 05-11/01
./àlbuns sem retorno/Larissa e Leonardo 05-11/02
./àlbuns sem retorno/Larissa e Leonardo 05-11/03
./àlbuns sem retorno/Larissa e Leonardo 05-11/04
./àlbuns sem retorno/Larissa e Leonardo 05-11/05
./àlbuns sem retorno/Larissa e Leonardo 05-11/06
./àlbuns sem retorno/Larissa e Leonardo 05-11/07
./àlbuns sem retorno/Larissa e Leonardo 05-11/08
./àlbuns sem retorno/Larissa e Leonardo 05-11/09
./àlbuns sem retorno/Larissa e Leonardo 05-11/10
./àlbuns sem retorno/Larissa e Leonardo 05-11/11
./àlbuns sem retorno/Larissa e Leonardo 05-11/12
./àlbuns sem retorno/Larissa e Leonardo 05-11/13
./àlbuns sem retorno/Larissa e Leonardo 05-11/14
./àlbuns sem retorno/Larissa e Leonardo 05-11/15
./àlbuns sem retorno/Larissa e Leonardo 05-11/16
./àlbuns sem retorno/Larissa e Leonardo 05-11/17
./àlbuns sem retorno/Larissa e Leonardo 05-11/18
./àlbuns sem retorno/Larissa e Leonardo 05-11/19
./àlbuns sem retorno/Larissa e Leonardo 05-11/20
./àlbuns sem retorno/Larissa e Leonardo 05-11/21
./àlbuns sem retorno/Larissa e Leonardo 05-11/22
./àlbuns sem retorno/Larissa e Leonardo 05-11/23
./àlbuns sem retorno/Larissa e Leonardo 05-11/24
./àlbuns sem retorno/Larissa e Leonardo 05-11/25
./àlbuns sem retorno/Larissa e Leonardo 05-11/26
./àlbuns sem retorno/Larissa e Leonardo 05-11/27
./àlbuns sem retorno/Larissa e Leonardo 05-11/28
./àlbuns sem retorno/Larissa e Leonardo 05-11/29
./àlbuns sem retorno/Larissa e Leonardo 05-11/30
./àlbuns sem retorno/Larissa e Leonardo 05-11/31
./àlbuns sem retorno/Larissa e Leonardo 05-11/32
./àlbuns sem retorno/Larissa e Leonardo 05-11/33
./àlbuns sem retorno/Larissa e Leonardo 05-11/34
./àlbuns sem retorno/Larissa e Leonardo 05-11/35
./àlbuns sem retorno/Larissa e Leonardo 05-11/36
./àlbuns sem retorno/Larissa e Leonardo 05-11/Larissa e Leonardo
./àlbuns sem retorno/Larissa e Leonardo 05-11/Larissa e Leonardo/jpg
./àlbuns sem retorno/MARYANNE E RAFEL 17-09-16
./àlbuns sem retorno/MARYANNE E RAFEL 17-09-16/01
./àlbuns sem retorno/MARYANNE E RAFEL 17-09-16/02
./àlbuns sem retorno/MARYANNE E RAFEL 17-09-16/03
./àlbuns sem retorno/MARYANNE E RAFEL 17-09-16/04
./àlbuns sem retorno/MARYANNE E RAFEL 17-09-16/05
./àlbuns sem retorno/MARYANNE E RAFEL 17-09-16/06
./àlbuns sem retorno/MARYANNE E RAFEL 17-09-16/07
./àlbuns sem retorno/MARYANNE E RAFEL 17-09-16/08
./àlbuns sem retorno/MARYANNE E RAFEL 17-09-16/09
./àlbuns sem retorno/MARYANNE E RAFEL 17-09-16/10
./àlbuns sem retorno/MARYANNE E RAFEL 17-09-16/11
./àlbuns sem retorno/MARYANNE E RAFEL 17-09-16/12
./àlbuns sem retorno/MARYANNE E RAFEL 17-09-16/13
./àlbuns sem retorno/MARYANNE E RAFEL 17-09-16/14
./àlbuns sem retorno/MARYANNE E RAFEL 17-09-16/15
./àlbuns sem retorno/MARYANNE E RAFEL 17-09-16/16
./àlbuns sem retorno/MARYANNE E RAFEL 17-09-16/17
./àlbuns sem retorno/MARYANNE E RAFEL 17-09-16/18
./àlbuns sem retorno/MARYANNE E RAFEL 17-09-16/19
./àlbuns sem retorno/MARYANNE E RAFEL 17-09-16/20
./àlbuns sem retorno/MARYANNE E RAFEL 17-09-16/21
./àlbuns sem retorno/MARYANNE E RAFEL 17-09-16/22
./àlbuns sem retorno/MARYANNE E RAFEL 17-09-16/23
./àlbuns sem retorno/MARYANNE E RAFEL 17-09-16/24
./àlbuns sem retorno/MARYANNE E RAFEL 17-09-16/25
./àlbuns sem retorno/MARYANNE E RAFEL 17-09-16/26
./àlbuns sem retorno/MARYANNE E RAFEL 17-09-16/27
./àlbuns sem retorno/MARYANNE E RAFEL 17-09-16/28
./àlbuns sem retorno/MARYANNE E RAFEL 17-09-16/29
./àlbuns sem retorno/MARYANNE E RAFEL 17-09-16/30
./àlbuns sem retorno/MARYANNE E RAFEL 17-09-16/Mary Anne e Rafael
./àlbuns sem retorno/MARYANNE E RAFEL 17-09-16/Mary Anne e Rafael/JPG
./àlbuns sem retorno/MARYANNE E RAFEL 17-09-16/capa
./àlbuns sem retorno/Mariana e Felipo/FOTOS MARIANA
./àlbuns sem retorno/Mariana e Felipo/FOTOS MARIANA/01
./àlbuns sem retorno/Mariana e Felipo/FOTOS MARIANA/02
./àlbuns sem retorno/Mariana e Felipo/FOTOS MARIANA/03
./àlbuns sem retorno/Mariana e Felipo/FOTOS MARIANA/04
./àlbuns sem retorno/Mariana e Felipo/FOTOS MARIANA/05
./àlbuns sem retorno/Mariana e Felipo/FOTOS MARIANA/10
./àlbuns sem retorno/Mariana e Felipo/FOTOS MARIANA/11
./àlbuns sem retorno/Mariana e Felipo/FOTOS MARIANA/12
./àlbuns sem retorno/Mariana e Felipo/FOTOS MARIANA/13
./àlbuns sem retorno/Mariana e Felipo/FOTOS MARIANA/14
./àlbuns sem retorno/Mariana e Felipo/FOTOS MARIANA/15
./àlbuns sem retorno/Mariana e Felipo/FOTOS MARIANA/16
./àlbuns sem retorno/Mariana e Felipo/FOTOS MARIANA/17
./àlbuns sem retorno/Mariana e Felipo/FOTOS MARIANA/18
./àlbuns sem retorno/Mariana e Felipo/FOTOS MARIANA/19
./àlbuns sem retorno/Mariana e Felipo/FOTOS MARIANA/20
./àlbuns sem retorno/Mariana e Felipo/FOTOS MARIANA/21
./àlbuns sem retorno/Mariana e Felipo/FOTOS MARIANA/22
./àlbuns sem retorno/Mariana e Felipo/FOTOS MARIANA/23
./àlbuns sem retorno/Mariana e Felipo/FOTOS MARIANA/24
./àlbuns sem retorno/Mariana e Felipo/FOTOS MARIANA/25
./àlbuns sem retorno/Mariana e Felipo/FOTOS MARIANA/26
./àlbuns sem retorno/Mariana e Felipo/FOTOS MARIANA/27
./àlbuns sem retorno/Mariana e Felipo/FOTOS MARIANA/28
./àlbuns sem retorno/Mariana e Felipo/FOTOS MARIANA/29
./àlbuns sem retorno/Mariana e Felipo/FOTOS MARIANA/30
./àlbuns sem retorno/Mariana e Felipo/FOTOS MARIANA/6
./àlbuns sem retorno/Mariana e Felipo/FOTOS MARIANA/7
./àlbuns sem retorno/Mariana e Felipo/FOTOS MARIANA/8
./àlbuns sem retorno/Mariana e Felipo/FOTOS MARIANA/9
./àlbuns sem retorno/Mariana e Felipo/FOTOS MARIANA/capa
./àlbuns sem retorno/Mariana e Felipo/FOTOS MARIANA/escolhas
./àlbuns sem retorno/Mariana e Felipo/FOTOS MARIANA/jpg
./àlbuns sem retorno/Mariana e Felipo/FOTOS MARIANA/jpg/JPEG
./àlbuns sem retorno/Mariana e Felipo/FOTOS MARIANA/mariana e felipo
./àlbuns sem retorno/Mariana e Felipo/FOTOS MARIANA/nova lamina 1
./àlbuns sem retorno/Mariana e Felipo/FOTOS MARIANA/psd
./àlbuns sem retorno/Mariana e francisco
./àlbuns sem retorno/Mariana e francisco/1
./àlbuns sem retorno/Mariana e francisco/10
./àlbuns sem retorno/Mariana e francisco/11
./àlbuns sem retorno/Mariana e francisco/12
./àlbuns sem retorno/Mariana e francisco/13
./àlbuns sem retorno/Mariana e francisco/14
./àlbuns sem retorno/Mariana e francisco/15
./àlbuns sem retorno/Mariana e francisco/16
./àlbuns sem retorno/Mariana e francisco/17
./àlbuns sem retorno/Mariana e francisco/18
./àlbuns sem retorno/Mariana e francisco/19
./àlbuns sem retorno/Mariana e francisco/2
./àlbuns sem retorno/Mariana e francisco/20
./àlbuns sem retorno/Mariana e francisco/21
./àlbuns sem retorno/Mariana e francisco/22
./àlbuns sem retorno/Mariana e francisco/23
./àlbuns sem retorno/Mariana e francisco/24
./àlbuns sem retorno/Mariana e francisco/25
./àlbuns sem retorno/Mariana e francisco/26
./àlbuns sem retorno/Mariana e francisco/27
./àlbuns sem retorno/Mariana e francisco/28
./àlbuns sem retorno/Mariana e francisco/29
./àlbuns sem retorno/Mariana e francisco/3
./àlbuns sem retorno/Mariana e francisco/30
./àlbuns sem retorno/Mariana e francisco/4
./àlbuns sem retorno/Mariana e francisco/5
./àlbuns sem retorno/Mariana e francisco/6
./àlbuns sem retorno/Mariana e francisco/7
./àlbuns sem retorno/Mariana e francisco/8
./àlbuns sem retorno/Mariana e francisco/9
./àlbuns sem retorno/Mariana e francisco/PSD
./àlbuns sem retorno/Mariana e francisco/PSD/jpg
./àlbuns sem retorno/Raquel e Pedro
./àlbuns sem retorno/Raquel e Pedro/00 capa
./àlbuns sem retorno/Raquel e Pedro/01
./àlbuns sem retorno/Raquel e Pedro/02
./àlbuns sem retorno/Raquel e Pedro/03
./àlbuns sem retorno/Raquel e Pedro/04
./àlbuns sem retorno/Raquel e Pedro/05
./àlbuns sem retorno/Raquel e Pedro/06
./àlbuns sem retorno/Raquel e Pedro/07
./àlbuns sem retorno/Raquel e Pedro/08
./àlbuns sem retorno/Raquel e Pedro/09
./àlbuns sem retorno/Raquel e Pedro/10
./àlbuns sem retorno/Raquel e Pedro/11
./àlbuns sem retorno/Raquel e Pedro/12
./àlbuns sem retorno/Raquel e Pedro/13
./àlbuns sem retorno/Raquel e Pedro/14
./àlbuns sem retorno/Raquel e Pedro/15
./àlbuns sem retorno/Raquel e Pedro/16
./àlbuns sem retorno/Raquel e Pedro/17
./àlbuns sem retorno/Raquel e Pedro/18
./àlbuns sem retorno/Raquel e Pedro/19
./àlbuns sem retorno/Raquel e Pedro/20
./àlbuns sem retorno/Raquel e Pedro/21
./àlbuns sem retorno/Raquel e Pedro/22
./àlbuns sem retorno/Raquel e Pedro/23
./àlbuns sem retorno/Raquel e Pedro/24
./àlbuns sem retorno/Raquel e Pedro/25
./àlbuns sem retorno/Raquel e Pedro/Raquel e Pedro
./àlbuns sem retorno/Raquel e Pedro/Raquel e Pedro/JPG
./àlbuns sem retorno/Raquel e Pedro/ensaio
./àlbuns sem retorno/Roberta e Carlos Eduardo
./àlbuns sem retorno/Roberta e Carlos Eduardo/01
./àlbuns sem retorno/Roberta e Carlos Eduardo/02
./àlbuns sem retorno/Roberta e Carlos Eduardo/03
./àlbuns sem retorno/Roberta e Carlos Eduardo/04
./àlbuns sem retorno/Roberta e Carlos Eduardo/05
./àlbuns sem retorno/Roberta e Carlos Eduardo/06
./àlbuns sem retorno/Roberta e Carlos Eduardo/07
./àlbuns sem retorno/Roberta e Carlos Eduardo/08
./àlbuns sem retorno/Roberta e Carlos Eduardo/09
./àlbuns sem retorno/Roberta e Carlos Eduardo/10
./àlbuns sem retorno/Roberta e Carlos Eduardo/11
./àlbuns sem retorno/Roberta e Carlos Eduardo/12
./àlbuns sem retorno/Roberta e Carlos Eduardo/13
./àlbuns sem retorno/Roberta e Carlos Eduardo/14
./àlbuns sem retorno/Roberta e Carlos Eduardo/15
./àlbuns sem retorno/Roberta e Carlos Eduardo/16
./àlbuns sem retorno/Roberta e Carlos Eduardo/17
./àlbuns sem retorno/Roberta e Carlos Eduardo/18
./àlbuns sem retorno/Roberta e Carlos Eduardo/19
./àlbuns sem retorno/Roberta e Carlos Eduardo/20
./àlbuns sem retorno/Roberta e Carlos Eduardo/21
./àlbuns sem retorno/Roberta e Carlos Eduardo/22
./àlbuns sem retorno/Roberta e Carlos Eduardo/23
./àlbuns sem retorno/Roberta e Carlos Eduardo/24
./àlbuns sem retorno/Roberta e Carlos Eduardo/25
./àlbuns sem retorno/Roberta e Carlos Eduardo/26
./àlbuns sem retorno/Roberta e Carlos Eduardo/27
./àlbuns sem retorno/Roberta e Carlos Eduardo/28
./àlbuns sem retorno/Roberta e Carlos Eduardo/29
./àlbuns sem retorno/Roberta e Carlos Eduardo/30
./àlbuns sem retorno/Roberta e Carlos Eduardo/31
./àlbuns sem retorno/Roberta e Carlos Eduardo/32
./àlbuns sem retorno/Roberta e Carlos Eduardo/33
./àlbuns sem retorno/Roberta e Carlos Eduardo/34
./àlbuns sem retorno/Roberta e Carlos Eduardo/35
./àlbuns sem retorno/Roberta e Carlos Eduardo/36
./àlbuns sem retorno/Roberta e Carlos Eduardo/37
./àlbuns sem retorno/Roberta e Carlos Eduardo/38
./àlbuns sem retorno/Roberta e Carlos Eduardo/39
./àlbuns sem retorno/Roberta e Carlos Eduardo/40
./àlbuns sem retorno/Roberta e Carlos Eduardo/41
./àlbuns sem retorno/Roberta e Carlos Eduardo/42
./àlbuns sem retorno/Roberta e Carlos Eduardo/Roberta e Carlos Eduardo
./àlbuns sem retorno/Roberta e Carlos Eduardo/Roberta e Carlos Eduardo/Roerta e Carlos
